Year,LGA,Subgroup,Count
2022,Darebin,B322 Non-residential non-aggravated burglary,1
2022,Hume,B321 Residential non-aggravated burglary,9
2022,Hume,B322 Non-residential non-aggravated burglary,3
2022,Melbourne,B321 Residential non-aggravated burglary,1
2022,Melton,B321 Residential non-aggravated burglary,7
2022,Melton,B322 Non-residential non-aggravated burglary,5
2022,Nillumbik,B321 Residential non-aggravated burglary,3
2022,Nillumbik,B322 Non-residential non-aggravated burglary,3
2022,Whittlesea,B321 Residential non-aggravated burglary,4
2022,Whittlesea,B322 Non-residential non-aggravated burglary,2
2022,Wyndham,B321 Residential non-aggravated burglary,2
2022,Wyndham,B322 Non-residential non-aggravated burglary,4
2022,Alpine,B321 Residential non-aggravated burglary,1
2022,Bass Coast,B321 Residential non-aggravated burglary,4
2022,Bass Coast,B322 Non-residential non-aggravated burglary,4
2022,Baw Baw,B311 Residential aggravated burglary,1
2022,Baw Baw,B321 Residential non-aggravated burglary,1
2022,Baw Baw,B322 Non-residential non-aggravated burglary,1
2022,Benalla,B321 Residential non-aggravated burglary,2
2022,Benalla,B322 Non-residential non-aggravated burglary,4
2022,Boroondara,B322 Non-residential non-aggravated burglary,1
2022,East Gippsland,B321 Residential non-aggravated burglary,2
2022,East Gippsland,B322 Non-residential non-aggravated burglary,1
2022,Greater Shepparton,B321 Residential non-aggravated burglary,8
2022,Greater Shepparton,B322 Non-residential non-aggravated burglary,8
2022,Indigo,B312 Non-residential aggravated burglary,1
2022,Indigo,B321 Residential non-aggravated burglary,2
2022,Indigo,B322 Non-residential non-aggravated burglary,3
2022,Latrobe,B321 Residential non-aggravated burglary,3
2022,Latrobe,B322 Non-residential non-aggravated burglary,2
2022,Mansfield,B322 Non-residential non-aggravated burglary,3
2022,Mitchell,B321 Residential non-aggravated burglary,3
2022,Mitchell,B322 Non-residential non-aggravated burglary,6
2022,Moira,B311 Residential aggravated burglary,1
2022,Moira,B321 Residential non-aggravated burglary,4
2022,Moira,B322 Non-residential non-aggravated burglary,9
2022,Murrindindi,B321 Residential non-aggravated burglary,1
2022,Murrindindi,B322 Non-residential non-aggravated burglary,4
2022,South Gippsland,B321 Residential non-aggravated burglary,10
2022,South Gippsland,B322 Non-residential non-aggravated burglary,8
2022,Strathbogie,B311 Residential aggravated burglary,1
2022,Strathbogie,B321 Residential non-aggravated burglary,3
2022,Strathbogie,B322 Non-residential non-aggravated burglary,3
2022,Towong,B321 Residential non-aggravated burglary,2
2022,Wangaratta,B321 Residential non-aggravated burglary,3
2022,Wangaratta,B322 Non-residential non-aggravated burglary,2
2022,Wellington,B321 Residential non-aggravated burglary,12
2022,Wellington,B322 Non-residential non-aggravated burglary,6
2022,Whitehorse,B322 Non-residential non-aggravated burglary,1
2022,Wodonga,B311 Residential aggravated burglary,1
2022,Wodonga,B321 Residential non-aggravated burglary,1
2022,Wodonga,B322 Non-residential non-aggravated burglary,2
2022,Yarra Ranges,B321 Residential non-aggravated burglary,6
2022,Yarra Ranges,B322 Non-residential non-aggravated burglary,10
2022,Cardinia,B311 Residential aggravated burglary,1
2022,Cardinia,B321 Residential non-aggravated burglary,6
2022,Cardinia,B322 Non-residential non-aggravated burglary,4
2022,Casey,B321 Residential non-aggravated burglary,7
2022,Casey,B322 Non-residential non-aggravated burglary,3
2022,Frankston,B322 Non-residential non-aggravated burglary,1
2022,Greater Dandenong,B322 Non-residential non-aggravated burglary,1
2022,Kingston,B322 Non-residential non-aggravated burglary,1
2022,Mornington Peninsula,B321 Residential non-aggravated burglary,2
2022,Mornington Peninsula,B322 Non-residential non-aggravated burglary,3
2022,Ararat,B321 Residential non-aggravated burglary,4
2022,Ararat,B322 Non-residential non-aggravated burglary,1
2022,Ballarat,B311 Residential aggravated burglary,1
2022,Ballarat,B321 Residential non-aggravated burglary,2
2022,Ballarat,B322 Non-residential non-aggravated burglary,6
2022,Campaspe,B321 Residential non-aggravated burglary,10
2022,Campaspe,B322 Non-residential non-aggravated burglary,10
2022,Central Goldfields,B322 Non-residential non-aggravated burglary,2
2022,Colac-Otway,B321 Residential non-aggravated burglary,4
2022,Colac-Otway,B322 Non-residential non-aggravated burglary,2
2022,Corangamite,B321 Residential non-aggravated burglary,2
2022,Corangamite,B322 Non-residential non-aggravated burglary,1
2022,Gannawarra,B321 Residential non-aggravated burglary,1
2022,Gannawarra,B322 Non-residential non-aggravated burglary,1
2022,Glenelg,B311 Residential aggravated burglary,1
2022,Glenelg,B322 Non-residential non-aggravated burglary,2
2022,Golden Plains,B321 Residential non-aggravated burglary,2
2022,Golden Plains,B322 Non-residential non-aggravated burglary,3
2022,Greater Bendigo,B311 Residential aggravated burglary,1
2022,Greater Bendigo,B321 Residential non-aggravated burglary,4
2022,Greater Bendigo,B322 Non-residential non-aggravated burglary,8
2022,Greater Geelong,B311 Residential aggravated burglary,1
2022,Greater Geelong,B321 Residential non-aggravated burglary,6
2022,Greater Geelong,B322 Non-residential non-aggravated burglary,8
2022,Hepburn,B321 Residential non-aggravated burglary,4
2022,Hepburn,B322 Non-residential non-aggravated burglary,1
2022,Hindmarsh,B321 Residential non-aggravated burglary,1
2022,Hindmarsh,B322 Non-residential non-aggravated burglary,1
2022,Horsham,B321 Residential non-aggravated burglary,3
2022,Horsham,B322 Non-residential non-aggravated burglary,2
2022,Loddon,B321 Residential non-aggravated burglary,4
2022,Loddon,B322 Non-residential non-aggravated burglary,2
2022,Macedon Ranges,B321 Residential non-aggravated burglary,8
2022,Macedon Ranges,B322 Non-residential non-aggravated burglary,3
2022,Mildura,B312 Non-residential aggravated burglary,2
2022,Mildura,B321 Residential non-aggravated burglary,6
2022,Mildura,B322 Non-residential non-aggravated burglary,9
2022,Moorabool,B321 Residential non-aggravated burglary,5
2022,Moorabool,B322 Non-residential non-aggravated burglary,5
2022,Mount Alexander,B321 Residential non-aggravated burglary,3
2022,Mount Alexander,B322 Non-residential non-aggravated burglary,1
2022,Moyne,B321 Residential non-aggravated burglary,3
2022,Moyne,B322 Non-residential non-aggravated burglary,2
2022,Northern Grampians,B321 Residential non-aggravated burglary,1
2022,Northern Grampians,B322 Non-residential non-aggravated burglary,1
2022,Pyrenees,B321 Residential non-aggravated burglary,6
2022,Surf Coast,B321 Residential non-aggravated burglary,2
2022,Swan Hill,B321 Residential non-aggravated burglary,5
2022,Swan Hill,B322 Non-residential non-aggravated burglary,3
2022,Warrnambool,B321 Residential non-aggravated burglary,1
2022,West Wimmera,B321 Residential non-aggravated burglary,1
2022,West Wimmera,B322 Non-residential non-aggravated burglary,1
2021,Brimbank,B321 Residential non-aggravated burglary,1
2021,Brimbank,B322 Non-residential non-aggravated burglary,1
2021,Darebin,B322 Non-residential non-aggravated burglary,1
2021,Hume,B321 Residential non-aggravated burglary,4
2021,Hume,B322 Non-residential non-aggravated burglary,2
2021,Melton,B321 Residential non-aggravated burglary,5
2021,Melton,B322 Non-residential non-aggravated burglary,3
2021,Merri-bek,B322 Non-residential non-aggravated burglary,1
2021,Nillumbik,B321 Residential non-aggravated burglary,1
2021,Whittlesea,B321 Residential non-aggravated burglary,1
2021,Whittlesea,B322 Non-residential non-aggravated burglary,1
2021,Wyndham,B321 Residential non-aggravated burglary,6
2021,Wyndham,B322 Non-residential non-aggravated burglary,3
2021,Yarra,B321 Residential non-aggravated burglary,1
2021,Alpine,B321 Residential non-aggravated burglary,1
2021,Bass Coast,B321 Residential non-aggravated burglary,5
2021,Bass Coast,B322 Non-residential non-aggravated burglary,5
2021,Baw Baw,B321 Residential non-aggravated burglary,10
2021,Baw Baw,B322 Non-residential non-aggravated burglary,9
2021,Benalla,B321 Residential non-aggravated burglary,5
2021,Benalla,B322 Non-residential non-aggravated burglary,1
2021,East Gippsland,B321 Residential non-aggravated burglary,5
2021,East Gippsland,B322 Non-residential non-aggravated burglary,11
2021,Greater Shepparton,B311 Residential aggravated burglary,1
2021,Greater Shepparton,B321 Residential non-aggravated burglary,12
2021,Greater Shepparton,B322 Non-residential non-aggravated burglary,7
2021,Indigo,B321 Residential non-aggravated burglary,6
2021,Indigo,B322 Non-residential non-aggravated burglary,3
2021,Knox,B322 Non-residential non-aggravated burglary,2
2021,Latrobe,B321 Residential non-aggravated burglary,4
2021,Latrobe,B322 Non-residential non-aggravated burglary,4
2021,Manningham,B322 Non-residential non-aggravated burglary,1
2021,Mansfield,B322 Non-residential non-aggravated burglary,1
2021,Mitchell,B321 Residential non-aggravated burglary,4
2021,Mitchell,B322 Non-residential non-aggravated burglary,11
2021,Moira,B321 Residential non-aggravated burglary,5
2021,Moira,B322 Non-residential non-aggravated burglary,14
2021,Murrindindi,B321 Residential non-aggravated burglary,2
2021,Murrindindi,B322 Non-residential non-aggravated burglary,4
2021,South Gippsland,B321 Residential non-aggravated burglary,6
2021,South Gippsland,B322 Non-residential non-aggravated burglary,5
2021,Strathbogie,B321 Residential non-aggravated burglary,1
2021,Strathbogie,B322 Non-residential non-aggravated burglary,8
2021,Towong,B321 Residential non-aggravated burglary,2
2021,Towong,B322 Non-residential non-aggravated burglary,3
2021,Wangaratta,B311 Residential aggravated burglary,1
2021,Wangaratta,B321 Residential non-aggravated burglary,3
2021,Wangaratta,B322 Non-residential non-aggravated burglary,4
2021,Wellington,B311 Residential aggravated burglary,1
2021,Wellington,B321 Residential non-aggravated burglary,5
2021,Wellington,B322 Non-residential non-aggravated burglary,12
2021,Wodonga,B322 Non-residential non-aggravated burglary,1
2021,Yarra Ranges,B321 Residential non-aggravated burglary,6
2021,Yarra Ranges,B322 Non-residential non-aggravated burglary,6
2021,Cardinia,B321 Residential non-aggravated burglary,17
2021,Cardinia,B322 Non-residential non-aggravated burglary,9
2021,Casey,B321 Residential non-aggravated burglary,12
2021,Casey,B322 Non-residential non-aggravated burglary,5
2021,Frankston,B322 Non-residential non-aggravated burglary,2
2021,Greater Dandenong,B322 Non-residential non-aggravated burglary,1
2021,Kingston,B321 Residential non-aggravated burglary,1
2021,Kingston,B322 Non-residential non-aggravated burglary,1
2021,Mornington Peninsula,B321 Residential non-aggravated burglary,4
2021,Mornington Peninsula,B322 Non-residential non-aggravated burglary,4
2021,Ararat,B321 Residential non-aggravated burglary,3
2021,Ararat,B322 Non-residential non-aggravated burglary,2
2021,Ballarat,B322 Non-residential non-aggravated burglary,4
2021,Buloke,B321 Residential non-aggravated burglary,2
2021,Buloke,B322 Non-residential non-aggravated burglary,3
2021,Campaspe,B321 Residential non-aggravated burglary,3
2021,Campaspe,B322 Non-residential non-aggravated burglary,5
2021,Central Goldfields,B321 Residential non-aggravated burglary,2
2021,Central Goldfields,B322 Non-residential non-aggravated burglary,5
2021,Colac-Otway,B311 Residential aggravated burglary,1
2021,Colac-Otway,B321 Residential non-aggravated burglary,3
2021,Colac-Otway,B322 Non-residential non-aggravated burglary,2
2021,Corangamite,B321 Residential non-aggravated burglary,10
2021,Corangamite,B322 Non-residential non-aggravated burglary,5
2021,Gannawarra,B321 Residential non-aggravated burglary,6
2021,Gannawarra,B322 Non-residential non-aggravated burglary,1
2021,Glenelg,B321 Residential non-aggravated burglary,4
2021,Golden Plains,B321 Residential non-aggravated burglary,2
2021,Golden Plains,B322 Non-residential non-aggravated burglary,7
2021,Greater Bendigo,B312 Non-residential aggravated burglary,1
2021,Greater Bendigo,B321 Residential non-aggravated burglary,1
2021,Greater Bendigo,B322 Non-residential non-aggravated burglary,6
2021,Greater Geelong,B321 Residential non-aggravated burglary,6
2021,Greater Geelong,B322 Non-residential non-aggravated burglary,5
2021,Hepburn,B321 Residential non-aggravated burglary,2
2021,Hepburn,B322 Non-residential non-aggravated burglary,2
2021,Hindmarsh,B321 Residential non-aggravated burglary,6
2021,Hindmarsh,B322 Non-residential non-aggravated burglary,2
2021,Horsham,B312 Non-residential aggravated burglary,1
2021,Horsham,B321 Residential non-aggravated burglary,1
2021,Horsham,B322 Non-residential non-aggravated burglary,1
2021,Loddon,B321 Residential non-aggravated burglary,5
2021,Loddon,B322 Non-residential non-aggravated burglary,5
2021,Macedon Ranges,B321 Residential non-aggravated burglary,5
2021,Macedon Ranges,B322 Non-residential non-aggravated burglary,5
2021,Mildura,B312 Non-residential aggravated burglary,2
2021,Mildura,B321 Residential non-aggravated burglary,13
2021,Mildura,B322 Non-residential non-aggravated burglary,20
2021,Moorabool,B321 Residential non-aggravated burglary,12
2021,Moorabool,B322 Non-residential non-aggravated burglary,8
2021,Mount Alexander,B321 Residential non-aggravated burglary,2
2021,Mount Alexander,B322 Non-residential non-aggravated burglary,2
2021,Moyne,B321 Residential non-aggravated burglary,3
2021,Moyne,B322 Non-residential non-aggravated burglary,2
2021,Northern Grampians,B322 Non-residential non-aggravated burglary,4
2021,Pyrenees,B321 Residential non-aggravated burglary,3
2021,Pyrenees,B322 Non-residential non-aggravated burglary,6
2021,Southern Grampians,B321 Residential non-aggravated burglary,2
2021,Southern Grampians,B322 Non-residential non-aggravated burglary,1
2021,Swan Hill,B321 Residential non-aggravated burglary,1
2021,Swan Hill,B322 Non-residential non-aggravated burglary,2
2021,West Wimmera,B321 Residential non-aggravated burglary,1
2021,West Wimmera,B322 Non-residential non-aggravated burglary,1
2021,Yarriambiack,B321 Residential non-aggravated burglary,1
2021,Yarriambiack,B322 Non-residential non-aggravated burglary,1
2020,Hume,B321 Residential non-aggravated burglary,4
2020,Hume,B322 Non-residential non-aggravated burglary,2
2020,Melton,B321 Residential non-aggravated burglary,6
2020,Melton,B322 Non-residential non-aggravated burglary,7
2020,Moonee Valley,B322 Non-residential non-aggravated burglary,1
2020,Nillumbik,B321 Residential non-aggravated burglary,2
2020,Whittlesea,B321 Residential non-aggravated burglary,6
2020,Whittlesea,B322 Non-residential non-aggravated burglary,1
2020,Wyndham,B321 Residential non-aggravated burglary,3
2020,Wyndham,B322 Non-residential non-aggravated burglary,2
2020,Bass Coast,B321 Residential non-aggravated burglary,11
2020,Bass Coast,B322 Non-residential non-aggravated burglary,2
2020,Baw Baw,B311 Residential aggravated burglary,1
2020,Baw Baw,B321 Residential non-aggravated burglary,21
2020,Baw Baw,B322 Non-residential non-aggravated burglary,10
2020,Benalla,B321 Residential non-aggravated burglary,2
2020,Benalla,B322 Non-residential non-aggravated burglary,3
2020,Boroondara,B322 Non-residential non-aggravated burglary,1
2020,East Gippsland,B321 Residential non-aggravated burglary,1
2020,East Gippsland,B322 Non-residential non-aggravated burglary,4
2020,Greater Shepparton,B321 Residential non-aggravated burglary,13
2020,Greater Shepparton,B322 Non-residential non-aggravated burglary,12
2020,Indigo,B322 Non-residential non-aggravated burglary,5
2020,Knox,B321 Residential non-aggravated burglary,1
2020,Knox,B322 Non-residential non-aggravated burglary,1
2020,Latrobe,B321 Residential non-aggravated burglary,7
2020,Latrobe,B322 Non-residential non-aggravated burglary,8
2020,Mansfield,B322 Non-residential non-aggravated burglary,1
2020,Mitchell,B311 Residential aggravated burglary,1
2020,Mitchell,B321 Residential non-aggravated burglary,5
2020,Mitchell,B322 Non-residential non-aggravated burglary,12
2020,Moira,B321 Residential non-aggravated burglary,6
2020,Moira,B322 Non-residential non-aggravated burglary,10
2020,Murrindindi,B321 Residential non-aggravated burglary,3
2020,Murrindindi,B322 Non-residential non-aggravated burglary,3
2020,South Gippsland,B321 Residential non-aggravated burglary,8
2020,South Gippsland,B322 Non-residential non-aggravated burglary,2
2020,Strathbogie,B321 Residential non-aggravated burglary,8
2020,Strathbogie,B322 Non-residential non-aggravated burglary,4
2020,Towong,B321 Residential non-aggravated burglary,3
2020,Wangaratta,B321 Residential non-aggravated burglary,1
2020,Wellington,B311 Residential aggravated burglary,1
2020,Wellington,B321 Residential non-aggravated burglary,5
2020,Wellington,B322 Non-residential non-aggravated burglary,5
2020,Wodonga,B312 Non-residential aggravated burglary,1
2020,Yarra Ranges,B321 Residential non-aggravated burglary,6
2020,Yarra Ranges,B322 Non-residential non-aggravated burglary,14
2020,Cardinia,B321 Residential non-aggravated burglary,12
2020,Cardinia,B322 Non-residential non-aggravated burglary,12
2020,Casey,B321 Residential non-aggravated burglary,4
2020,Casey,B322 Non-residential non-aggravated burglary,5
2020,Frankston,B322 Non-residential non-aggravated burglary,2
2020,Greater Dandenong,B321 Residential non-aggravated burglary,1
2020,Greater Dandenong,B322 Non-residential non-aggravated burglary,3
2020,Kingston,B322 Non-residential non-aggravated burglary,2
2020,Mornington Peninsula,B311 Residential aggravated burglary,1
2020,Mornington Peninsula,B321 Residential non-aggravated burglary,8
2020,Mornington Peninsula,B322 Non-residential non-aggravated burglary,9
2020,Port Phillip,B322 Non-residential non-aggravated burglary,1
2020,Ararat,B321 Residential non-aggravated burglary,3
2020,Ararat,B322 Non-residential non-aggravated burglary,4
2020,Ballarat,B321 Residential non-aggravated burglary,3
2020,Ballarat,B322 Non-residential non-aggravated burglary,4
2020,Buloke,B321 Residential non-aggravated burglary,3
2020,Buloke,B322 Non-residential non-aggravated burglary,4
2020,Campaspe,B321 Residential non-aggravated burglary,4
2020,Campaspe,B322 Non-residential non-aggravated burglary,9
2020,Central Goldfields,B322 Non-residential non-aggravated burglary,3
2020,Colac-Otway,B321 Residential non-aggravated burglary,8
2020,Colac-Otway,B322 Non-residential non-aggravated burglary,1
2020,Corangamite,B321 Residential non-aggravated burglary,4
2020,Corangamite,B322 Non-residential non-aggravated burglary,7
2020,Gannawarra,B321 Residential non-aggravated burglary,3
2020,Gannawarra,B322 Non-residential non-aggravated burglary,1
2020,Glenelg,B311 Residential aggravated burglary,1
2020,Glenelg,B321 Residential non-aggravated burglary,2
2020,Glenelg,B322 Non-residential non-aggravated burglary,4
2020,Golden Plains,B321 Residential non-aggravated burglary,3
2020,Golden Plains,B322 Non-residential non-aggravated burglary,8
2020,Greater Bendigo,B321 Residential non-aggravated burglary,8
2020,Greater Bendigo,B322 Non-residential non-aggravated burglary,11
2020,Greater Geelong,B321 Residential non-aggravated burglary,5
2020,Greater Geelong,B322 Non-residential non-aggravated burglary,7
2020,Hepburn,B321 Residential non-aggravated burglary,6
2020,Hepburn,B322 Non-residential non-aggravated burglary,2
2020,Hindmarsh,B322 Non-residential non-aggravated burglary,1
2020,Horsham,B321 Residential non-aggravated burglary,1
2020,Horsham,B322 Non-residential non-aggravated burglary,3
2020,Loddon,B321 Residential non-aggravated burglary,2
2020,Loddon,B322 Non-residential non-aggravated burglary,9
2020,Macedon Ranges,B321 Residential non-aggravated burglary,8
2020,Macedon Ranges,B322 Non-residential non-aggravated burglary,8
2020,Mildura,B311 Residential aggravated burglary,1
2020,Mildura,B321 Residential non-aggravated burglary,4
2020,Mildura,B322 Non-residential non-aggravated burglary,7
2020,Moorabool,B321 Residential non-aggravated burglary,12
2020,Moorabool,B322 Non-residential non-aggravated burglary,9
2020,Mount Alexander,B321 Residential non-aggravated burglary,1
2020,Mount Alexander,B322 Non-residential non-aggravated burglary,2
2020,Moyne,B311 Residential aggravated burglary,1
2020,Moyne,B321 Residential non-aggravated burglary,1
2020,Moyne,B322 Non-residential non-aggravated burglary,4
2020,Northern Grampians,B321 Residential non-aggravated burglary,3
2020,Northern Grampians,B322 Non-residential non-aggravated burglary,8
2020,Pyrenees,B321 Residential non-aggravated burglary,2
2020,Pyrenees,B322 Non-residential non-aggravated burglary,3
2020,Southern Grampians,B321 Residential non-aggravated burglary,3
2020,Southern Grampians,B322 Non-residential non-aggravated burglary,4
2020,Surf Coast,B321 Residential non-aggravated burglary,1
2020,Surf Coast,B322 Non-residential non-aggravated burglary,3
2020,Swan Hill,B321 Residential non-aggravated burglary,2
2020,Warrnambool,B321 Residential non-aggravated burglary,1
2020,West Wimmera,B321 Residential non-aggravated burglary,2
2020,West Wimmera,B322 Non-residential non-aggravated burglary,2
2020,Yarriambiack,B321 Residential non-aggravated burglary,6
2020,Yarriambiack,B322 Non-residential non-aggravated burglary,3
2019,Brimbank,B322 Non-residential non-aggravated burglary,1
2019,Hume,B321 Residential non-aggravated burglary,8
2019,Hume,B322 Non-residential non-aggravated burglary,3
2019,Melton,B321 Residential non-aggravated burglary,13
2019,Melton,B322 Non-residential non-aggravated burglary,5
2019,Merri-bek,B321 Residential non-aggravated burglary,1
2019,Nillumbik,B321 Residential non-aggravated burglary,3
2019,Nillumbik,B322 Non-residential non-aggravated burglary,1
2019,Whittlesea,B321 Residential non-aggravated burglary,3
2019,Whittlesea,B322 Non-residential non-aggravated burglary,2
2019,Wyndham,B321 Residential non-aggravated burglary,3
2019,Wyndham,B322 Non-residential non-aggravated burglary,9
2019,Yarra,B322 Non-residential non-aggravated burglary,1
2019,Alpine,B321 Residential non-aggravated burglary,1
2019,Bass Coast,B311 Residential aggravated burglary,1
2019,Bass Coast,B321 Residential non-aggravated burglary,2
2019,Bass Coast,B322 Non-residential non-aggravated burglary,3
2019,Baw Baw,B311 Residential aggravated burglary,2
2019,Baw Baw,B321 Residential non-aggravated burglary,18
2019,Baw Baw,B322 Non-residential non-aggravated burglary,19
2019,Benalla,B321 Residential non-aggravated burglary,2
2019,Benalla,B322 Non-residential non-aggravated burglary,2
2019,East Gippsland,B321 Residential non-aggravated burglary,7
2019,East Gippsland,B322 Non-residential non-aggravated burglary,8
2019,Greater Shepparton,B311 Residential aggravated burglary,1
2019,Greater Shepparton,B321 Residential non-aggravated burglary,22
2019,Greater Shepparton,B322 Non-residential non-aggravated burglary,17
2019,Indigo,B321 Residential non-aggravated burglary,4
2019,Indigo,B322 Non-residential non-aggravated burglary,2
2019,Knox,B322 Non-residential non-aggravated burglary,2
2019,Latrobe,B321 Residential non-aggravated burglary,3
2019,Latrobe,B322 Non-residential non-aggravated burglary,5
2019,Manningham,B321 Residential non-aggravated burglary,1
2019,Manningham,B322 Non-residential non-aggravated burglary,2
2019,Mansfield,B321 Residential non-aggravated burglary,2
2019,Maroondah,B322 Non-residential non-aggravated burglary,1
2019,Mitchell,B321 Residential non-aggravated burglary,6
2019,Mitchell,B322 Non-residential non-aggravated burglary,6
2019,Moira,B311 Residential aggravated burglary,1
2019,Moira,B321 Residential non-aggravated burglary,7
2019,Moira,B322 Non-residential non-aggravated burglary,11
2019,Murrindindi,B321 Residential non-aggravated burglary,7
2019,Murrindindi,B322 Non-residential non-aggravated burglary,7
2019,South Gippsland,B321 Residential non-aggravated burglary,11
2019,South Gippsland,B322 Non-residential non-aggravated burglary,5
2019,Strathbogie,B321 Residential non-aggravated burglary,5
2019,Strathbogie,B322 Non-residential non-aggravated burglary,2
2019,Towong,B321 Residential non-aggravated burglary,2
2019,Wangaratta,B321 Residential non-aggravated burglary,5
2019,Wangaratta,B322 Non-residential non-aggravated burglary,2
2019,Wellington,B321 Residential non-aggravated burglary,12
2019,Wellington,B322 Non-residential non-aggravated burglary,6
2019,Yarra Ranges,B321 Residential non-aggravated burglary,11
2019,Yarra Ranges,B322 Non-residential non-aggravated burglary,17
2019,Cardinia,B321 Residential non-aggravated burglary,9
2019,Cardinia,B322 Non-residential non-aggravated burglary,17
2019,Casey,B321 Residential non-aggravated burglary,10
2019,Casey,B322 Non-residential non-aggravated burglary,7
2019,Frankston,B321 Residential non-aggravated burglary,2
2019,Frankston,B322 Non-residential non-aggravated burglary,2
2019,Greater Dandenong,B322 Non-residential non-aggravated burglary,1
2019,Kingston,B322 Non-residential non-aggravated burglary,1
2019,Mornington Peninsula,B321 Residential non-aggravated burglary,8
2019,Mornington Peninsula,B322 Non-residential non-aggravated burglary,4
2019,Port Phillip,B322 Non-residential non-aggravated burglary,1
2019,Ararat,B321 Residential non-aggravated burglary,4
2019,Ararat,B322 Non-residential non-aggravated burglary,5
2019,Ballarat,B321 Residential non-aggravated burglary,1
2019,Ballarat,B322 Non-residential non-aggravated burglary,5
2019,Buloke,B321 Residential non-aggravated burglary,4
2019,Buloke,B322 Non-residential non-aggravated burglary,2
2019,Campaspe,B321 Residential non-aggravated burglary,15
2019,Campaspe,B322 Non-residential non-aggravated burglary,19
2019,Central Goldfields,B321 Residential non-aggravated burglary,7
2019,Central Goldfields,B322 Non-residential non-aggravated burglary,1
2019,Colac-Otway,B321 Residential non-aggravated burglary,7
2019,Colac-Otway,B322 Non-residential non-aggravated burglary,4
2019,Corangamite,B321 Residential non-aggravated burglary,4
2019,Corangamite,B322 Non-residential non-aggravated burglary,8
2019,Gannawarra,B321 Residential non-aggravated burglary,1
2019,Gannawarra,B322 Non-residential non-aggravated burglary,2
2019,Glenelg,B321 Residential non-aggravated burglary,3
2019,Glenelg,B322 Non-residential non-aggravated burglary,4
2019,Golden Plains,B321 Residential non-aggravated burglary,6
2019,Golden Plains,B322 Non-residential non-aggravated burglary,10
2019,Greater Bendigo,B321 Residential non-aggravated burglary,9
2019,Greater Bendigo,B322 Non-residential non-aggravated burglary,15
2019,Greater Geelong,B321 Residential non-aggravated burglary,3
2019,Greater Geelong,B322 Non-residential non-aggravated burglary,6
2019,Hepburn,B321 Residential non-aggravated burglary,7
2019,Hepburn,B322 Non-residential non-aggravated burglary,4
2019,Hindmarsh,B321 Residential non-aggravated burglary,4
2019,Hindmarsh,B322 Non-residential non-aggravated burglary,2
2019,Horsham,B321 Residential non-aggravated burglary,1
2019,Horsham,B322 Non-residential non-aggravated burglary,1
2019,Loddon,B321 Residential non-aggravated burglary,5
2019,Loddon,B322 Non-residential non-aggravated burglary,3
2019,Macedon Ranges,B321 Residential non-aggravated burglary,9
2019,Macedon Ranges,B322 Non-residential non-aggravated burglary,11
2019,Mildura,B321 Residential non-aggravated burglary,2
2019,Mildura,B322 Non-residential non-aggravated burglary,12
2019,Moorabool,B311 Residential aggravated burglary,1
2019,Moorabool,B321 Residential non-aggravated burglary,10
2019,Moorabool,B322 Non-residential non-aggravated burglary,12
2019,Mount Alexander,B321 Residential non-aggravated burglary,2
2019,Mount Alexander,B322 Non-residential non-aggravated burglary,2
2019,Moyne,B321 Residential non-aggravated burglary,4
2019,Moyne,B322 Non-residential non-aggravated burglary,4
2019,Northern Grampians,B321 Residential non-aggravated burglary,2
2019,Northern Grampians,B322 Non-residential non-aggravated burglary,7
2019,Pyrenees,B321 Residential non-aggravated burglary,5
2019,Pyrenees,B322 Non-residential non-aggravated burglary,4
2019,Southern Grampians,B321 Residential non-aggravated burglary,1
2019,Southern Grampians,B322 Non-residential non-aggravated burglary,5
2019,Surf Coast,B322 Non-residential non-aggravated burglary,2
2019,Swan Hill,B321 Residential non-aggravated burglary,2
2019,Swan Hill,B322 Non-residential non-aggravated burglary,4
2019,Warrnambool,B322 Non-residential non-aggravated burglary,1
2019,West Wimmera,B321 Residential non-aggravated burglary,3
2019,Yarriambiack,B321 Residential non-aggravated burglary,1
2019,Yarriambiack,B322 Non-residential non-aggravated burglary,2
2018,Banyule,B321 Residential non-aggravated burglary,1
2018,Banyule,B322 Non-residential non-aggravated burglary,2
2018,Brimbank,B321 Residential non-aggravated burglary,2
2018,Hume,B321 Residential non-aggravated burglary,2
2018,Hume,B322 Non-residential non-aggravated burglary,3
2018,Maribyrnong,B322 Non-residential non-aggravated burglary,1
2018,Melton,B321 Residential non-aggravated burglary,14
2018,Melton,B322 Non-residential non-aggravated burglary,5
2018,Nillumbik,B321 Residential non-aggravated burglary,3
2018,Nillumbik,B322 Non-residential non-aggravated burglary,1
2018,Whittlesea,B321 Residential non-aggravated burglary,2
2018,Wyndham,B321 Residential non-aggravated burglary,6
2018,Wyndham,B322 Non-residential non-aggravated burglary,3
2018,Yarra,B322 Non-residential non-aggravated burglary,2
2018,Alpine,B322 Non-residential non-aggravated burglary,1
2018,Bass Coast,B321 Residential non-aggravated burglary,5
2018,Bass Coast,B322 Non-residential non-aggravated burglary,1
2018,Baw Baw,B311 Residential aggravated burglary,1
2018,Baw Baw,B321 Residential non-aggravated burglary,17
2018,Baw Baw,B322 Non-residential non-aggravated burglary,7
2018,Benalla,B321 Residential non-aggravated burglary,2
2018,East Gippsland,B321 Residential non-aggravated burglary,5
2018,East Gippsland,B322 Non-residential non-aggravated burglary,2
2018,Greater Shepparton,B311 Residential aggravated burglary,1
2018,Greater Shepparton,B321 Residential non-aggravated burglary,22
2018,Greater Shepparton,B322 Non-residential non-aggravated burglary,20
2018,Indigo,B321 Residential non-aggravated burglary,3
2018,Indigo,B322 Non-residential non-aggravated burglary,2
2018,Knox,B322 Non-residential non-aggravated burglary,1
2018,Latrobe,B321 Residential non-aggravated burglary,3
2018,Latrobe,B322 Non-residential non-aggravated burglary,5
2018,Manningham,B322 Non-residential non-aggravated burglary,1
2018,Mansfield,B321 Residential non-aggravated burglary,1
2018,Mitchell,B321 Residential non-aggravated burglary,9
2018,Mitchell,B322 Non-residential non-aggravated burglary,4
2018,Moira,B321 Residential non-aggravated burglary,8
2018,Moira,B322 Non-residential non-aggravated burglary,5
2018,Monash,B322 Non-residential non-aggravated burglary,1
2018,Murrindindi,B321 Residential non-aggravated burglary,3
2018,Murrindindi,B322 Non-residential non-aggravated burglary,3
2018,South Gippsland,B321 Residential non-aggravated burglary,7
2018,South Gippsland,B322 Non-residential non-aggravated burglary,4
2018,Strathbogie,B321 Residential non-aggravated burglary,2
2018,Strathbogie,B322 Non-residential non-aggravated burglary,4
2018,Towong,B321 Residential non-aggravated burglary,2
2018,Wangaratta,B311 Residential aggravated burglary,1
2018,Wangaratta,B321 Residential non-aggravated burglary,3
2018,Wangaratta,B322 Non-residential non-aggravated burglary,1
2018,Wellington,B321 Residential non-aggravated burglary,3
2018,Wellington,B322 Non-residential non-aggravated burglary,4
2018,Whitehorse,B322 Non-residential non-aggravated burglary,1
2018,Wodonga,B321 Residential non-aggravated burglary,1
2018,Yarra Ranges,B321 Residential non-aggravated burglary,13
2018,Yarra Ranges,B322 Non-residential non-aggravated burglary,15
2018,Bayside,B321 Residential non-aggravated burglary,1
2018,Cardinia,B321 Residential non-aggravated burglary,13
2018,Cardinia,B322 Non-residential non-aggravated burglary,5
2018,Casey,B311 Residential aggravated burglary,1
2018,Casey,B321 Residential non-aggravated burglary,12
2018,Casey,B322 Non-residential non-aggravated burglary,10
2018,Frankston,B322 Non-residential non-aggravated burglary,1
2018,Greater Dandenong,B322 Non-residential non-aggravated burglary,5
2018,Mornington Peninsula,B321 Residential non-aggravated burglary,8
2018,Mornington Peninsula,B322 Non-residential non-aggravated burglary,1
2018,Port Phillip,B321 Residential non-aggravated burglary,1
2018,Port Phillip,B322 Non-residential non-aggravated burglary,2
2018,Ararat,B321 Residential non-aggravated burglary,2
2018,Ararat,B322 Non-residential non-aggravated burglary,3
2018,Ballarat,B321 Residential non-aggravated burglary,8
2018,Ballarat,B322 Non-residential non-aggravated burglary,9
2018,Buloke,B321 Residential non-aggravated burglary,1
2018,Buloke,B322 Non-residential non-aggravated burglary,2
2018,Campaspe,B311 Residential aggravated burglary,1
2018,Campaspe,B321 Residential non-aggravated burglary,20
2018,Campaspe,B322 Non-residential non-aggravated burglary,11
2018,Central Goldfields,B321 Residential non-aggravated burglary,1
2018,Central Goldfields,B322 Non-residential non-aggravated burglary,3
2018,Colac-Otway,B321 Residential non-aggravated burglary,4
2018,Colac-Otway,B322 Non-residential non-aggravated burglary,3
2018,Corangamite,B321 Residential non-aggravated burglary,3
2018,Corangamite,B322 Non-residential non-aggravated burglary,1
2018,Gannawarra,B321 Residential non-aggravated burglary,4
2018,Gannawarra,B322 Non-residential non-aggravated burglary,1
2018,Glenelg,B321 Residential non-aggravated burglary,2
2018,Golden Plains,B321 Residential non-aggravated burglary,4
2018,Golden Plains,B322 Non-residential non-aggravated burglary,3
2018,Greater Bendigo,B321 Residential non-aggravated burglary,2
2018,Greater Bendigo,B322 Non-residential non-aggravated burglary,2
2018,Greater Geelong,B321 Residential non-aggravated burglary,5
2018,Greater Geelong,B322 Non-residential non-aggravated burglary,9
2018,Hepburn,B321 Residential non-aggravated burglary,6
2018,Hepburn,B322 Non-residential non-aggravated burglary,3
2018,Hindmarsh,B311 Residential aggravated burglary,1
2018,Hindmarsh,B321 Residential non-aggravated burglary,2
2018,Horsham,B321 Residential non-aggravated burglary,2
2018,Horsham,B322 Non-residential non-aggravated burglary,2
2018,Loddon,B311 Residential aggravated burglary,1
2018,Loddon,B321 Residential non-aggravated burglary,4
2018,Loddon,B322 Non-residential non-aggravated burglary,10
2018,Macedon Ranges,B321 Residential non-aggravated burglary,12
2018,Macedon Ranges,B322 Non-residential non-aggravated burglary,4
2018,Mildura,B311 Residential aggravated burglary,1
2018,Mildura,B321 Residential non-aggravated burglary,6
2018,Mildura,B322 Non-residential non-aggravated burglary,8
2018,Moorabool,B321 Residential non-aggravated burglary,9
2018,Moorabool,B322 Non-residential non-aggravated burglary,6
2018,Mount Alexander,B321 Residential non-aggravated burglary,2
2018,Mount Alexander,B322 Non-residential non-aggravated burglary,1
2018,Moyne,B321 Residential non-aggravated burglary,3
2018,Moyne,B322 Non-residential non-aggravated burglary,1
2018,Northern Grampians,B321 Residential non-aggravated burglary,1
2018,Northern Grampians,B322 Non-residential non-aggravated burglary,2
2018,Pyrenees,B321 Residential non-aggravated burglary,7
2018,Pyrenees,B322 Non-residential non-aggravated burglary,13
2018,Southern Grampians,B321 Residential non-aggravated burglary,2
2018,Southern Grampians,B322 Non-residential non-aggravated burglary,1
2018,Surf Coast,B321 Residential non-aggravated burglary,3
2018,Surf Coast,B322 Non-residential non-aggravated burglary,1
2018,Swan Hill,B321 Residential non-aggravated burglary,7
2018,Swan Hill,B322 Non-residential non-aggravated burglary,3
2018,Warrnambool,B321 Residential non-aggravated burglary,2
2018,West Wimmera,B311 Residential aggravated burglary,1
2018,West Wimmera,B321 Residential non-aggravated burglary,3
2018,West Wimmera,B322 Non-residential non-aggravated burglary,2
2018,Yarriambiack,B321 Residential non-aggravated burglary,1
2018,Yarriambiack,B322 Non-residential non-aggravated burglary,2
2017,Banyule,B322 Non-residential non-aggravated burglary,1
2017,Darebin,B321 Residential non-aggravated burglary,1
2017,Hume,B321 Residential non-aggravated burglary,3
2017,Hume,B322 Non-residential non-aggravated burglary,2
2017,Melton,B321 Residential non-aggravated burglary,6
2017,Melton,B322 Non-residential non-aggravated burglary,3
2017,Moonee Valley,B322 Non-residential non-aggravated burglary,1
2017,Nillumbik,B321 Residential non-aggravated burglary,1
2017,Nillumbik,B322 Non-residential non-aggravated burglary,1
2017,Whittlesea,B321 Residential non-aggravated burglary,4
2017,Wyndham,B321 Residential non-aggravated burglary,4
2017,Wyndham,B322 Non-residential non-aggravated burglary,7
2017,Bass Coast,B321 Residential non-aggravated burglary,6
2017,Bass Coast,B322 Non-residential non-aggravated burglary,1
2017,Baw Baw,B321 Residential non-aggravated burglary,19
2017,Baw Baw,B322 Non-residential non-aggravated burglary,5
2017,Benalla,B311 Residential aggravated burglary,1
2017,Benalla,B321 Residential non-aggravated burglary,3
2017,Benalla,B322 Non-residential non-aggravated burglary,2
2017,East Gippsland,B321 Residential non-aggravated burglary,2
2017,East Gippsland,B322 Non-residential non-aggravated burglary,2
2017,Greater Shepparton,B321 Residential non-aggravated burglary,12
2017,Greater Shepparton,B322 Non-residential non-aggravated burglary,29
2017,Knox,B322 Non-residential non-aggravated burglary,2
2017,Latrobe,B321 Residential non-aggravated burglary,3
2017,Mansfield,B321 Residential non-aggravated burglary,7
2017,Mitchell,B321 Residential non-aggravated burglary,6
2017,Mitchell,B322 Non-residential non-aggravated burglary,2
2017,Moira,B311 Residential aggravated burglary,2
2017,Moira,B321 Residential non-aggravated burglary,8
2017,Moira,B322 Non-residential non-aggravated burglary,6
2017,Monash,B322 Non-residential non-aggravated burglary,1
2017,Murrindindi,B321 Residential non-aggravated burglary,3
2017,South Gippsland,B311 Residential aggravated burglary,1
2017,South Gippsland,B321 Residential non-aggravated burglary,10
2017,South Gippsland,B322 Non-residential non-aggravated burglary,7
2017,Strathbogie,B321 Residential non-aggravated burglary,8
2017,Strathbogie,B322 Non-residential non-aggravated burglary,4
2017,Towong,B321 Residential non-aggravated burglary,2
2017,Wangaratta,B321 Residential non-aggravated burglary,2
2017,Wellington,B321 Residential non-aggravated burglary,3
2017,Wellington,B322 Non-residential non-aggravated burglary,4
2017,Yarra Ranges,B321 Residential non-aggravated burglary,9
2017,Yarra Ranges,B322 Non-residential non-aggravated burglary,6
2017,Cardinia,B321 Residential non-aggravated burglary,12
2017,Cardinia,B322 Non-residential non-aggravated burglary,5
2017,Casey,B321 Residential non-aggravated burglary,7
2017,Casey,B322 Non-residential non-aggravated burglary,3
2017,Frankston,B321 Residential non-aggravated burglary,2
2017,Frankston,B322 Non-residential non-aggravated burglary,1
2017,Greater Dandenong,B322 Non-residential non-aggravated burglary,3
2017,Kingston,B321 Residential non-aggravated burglary,2
2017,Kingston,B322 Non-residential non-aggravated burglary,1
2017,Mornington Peninsula,B321 Residential non-aggravated burglary,8
2017,Mornington Peninsula,B322 Non-residential non-aggravated burglary,2
2017,Stonnington,B322 Non-residential non-aggravated burglary,1
2017,Ararat,B321 Residential non-aggravated burglary,6
2017,Ararat,B322 Non-residential non-aggravated burglary,8
2017,Ballarat,B321 Residential non-aggravated burglary,4
2017,Ballarat,B322 Non-residential non-aggravated burglary,5
2017,Buloke,B321 Residential non-aggravated burglary,2
2017,Buloke,B322 Non-residential non-aggravated burglary,2
2017,Campaspe,B321 Residential non-aggravated burglary,10
2017,Campaspe,B322 Non-residential non-aggravated burglary,9
2017,Central Goldfields,B321 Residential non-aggravated burglary,3
2017,Central Goldfields,B322 Non-residential non-aggravated burglary,2
2017,Colac-Otway,B321 Residential non-aggravated burglary,5
2017,Colac-Otway,B322 Non-residential non-aggravated burglary,7
2017,Corangamite,B321 Residential non-aggravated burglary,5
2017,Corangamite,B322 Non-residential non-aggravated burglary,11
2017,Gannawarra,B321 Residential non-aggravated burglary,8
2017,Gannawarra,B322 Non-residential non-aggravated burglary,2
2017,Glenelg,B321 Residential non-aggravated burglary,6
2017,Glenelg,B322 Non-residential non-aggravated burglary,5
2017,Golden Plains,B321 Residential non-aggravated burglary,6
2017,Golden Plains,B322 Non-residential non-aggravated burglary,6
2017,Greater Bendigo,B321 Residential non-aggravated burglary,3
2017,Greater Bendigo,B322 Non-residential non-aggravated burglary,3
2017,Greater Geelong,B311 Residential aggravated burglary,1
2017,Greater Geelong,B321 Residential non-aggravated burglary,17
2017,Greater Geelong,B322 Non-residential non-aggravated burglary,9
2017,Hepburn,B321 Residential non-aggravated burglary,3
2017,Hepburn,B322 Non-residential non-aggravated burglary,1
2017,Hindmarsh,B321 Residential non-aggravated burglary,3
2017,Hindmarsh,B322 Non-residential non-aggravated burglary,3
2017,Horsham,B321 Residential non-aggravated burglary,4
2017,Horsham,B322 Non-residential non-aggravated burglary,1
2017,Loddon,B321 Residential non-aggravated burglary,4
2017,Loddon,B322 Non-residential non-aggravated burglary,2
2017,Macedon Ranges,B321 Residential non-aggravated burglary,11
2017,Macedon Ranges,B322 Non-residential non-aggravated burglary,7
2017,Mildura,B321 Residential non-aggravated burglary,6
2017,Mildura,B322 Non-residential non-aggravated burglary,4
2017,Moorabool,B321 Residential non-aggravated burglary,7
2017,Moorabool,B322 Non-residential non-aggravated burglary,5
2017,Mount Alexander,B321 Residential non-aggravated burglary,1
2017,Moyne,B321 Residential non-aggravated burglary,2
2017,Moyne,B322 Non-residential non-aggravated burglary,3
2017,Northern Grampians,B321 Residential non-aggravated burglary,1
2017,Northern Grampians,B322 Non-residential non-aggravated burglary,2
2017,Pyrenees,B321 Residential non-aggravated burglary,1
2017,Pyrenees,B322 Non-residential non-aggravated burglary,6
2017,Southern Grampians,B321 Residential non-aggravated burglary,1
2017,Southern Grampians,B322 Non-residential non-aggravated burglary,2
2017,Surf Coast,B321 Residential non-aggravated burglary,7
2017,Surf Coast,B322 Non-residential non-aggravated burglary,4
2017,Swan Hill,B321 Residential non-aggravated burglary,3
2017,Warrnambool,B321 Residential non-aggravated burglary,2
2017,West Wimmera,B321 Residential non-aggravated burglary,1
2017,West Wimmera,B322 Non-residential non-aggravated burglary,1
2017,Yarriambiack,B321 Residential non-aggravated burglary,3
2017,Yarriambiack,B322 Non-residential non-aggravated burglary,1
2016,Banyule,B322 Non-residential non-aggravated burglary,1
2016,Hume,B321 Residential non-aggravated burglary,7
2016,Hume,B322 Non-residential non-aggravated burglary,5
2016,Melbourne,B322 Non-residential non-aggravated burglary,3
2016,Melton,B311 Residential aggravated burglary,1
2016,Melton,B321 Residential non-aggravated burglary,10
2016,Melton,B322 Non-residential non-aggravated burglary,8
2016,Merri-bek,B322 Non-residential non-aggravated burglary,1
2016,Nillumbik,B321 Residential non-aggravated burglary,2
2016,Whittlesea,B321 Residential non-aggravated burglary,2
2016,Whittlesea,B322 Non-residential non-aggravated burglary,2
2016,Wyndham,B321 Residential non-aggravated burglary,5
2016,Wyndham,B322 Non-residential non-aggravated burglary,4
2016,Bass Coast,B321 Residential non-aggravated burglary,1
2016,Bass Coast,B322 Non-residential non-aggravated burglary,1
2016,Baw Baw,B311 Residential aggravated burglary,1
2016,Baw Baw,B321 Residential non-aggravated burglary,8
2016,Baw Baw,B322 Non-residential non-aggravated burglary,12
2016,Benalla,B321 Residential non-aggravated burglary,2
2016,East Gippsland,B321 Residential non-aggravated burglary,4
2016,East Gippsland,B322 Non-residential non-aggravated burglary,5
2016,Greater Shepparton,B321 Residential non-aggravated burglary,13
2016,Greater Shepparton,B322 Non-residential non-aggravated burglary,18
2016,Indigo,B321 Residential non-aggravated burglary,1
2016,Indigo,B322 Non-residential non-aggravated burglary,2
2016,Latrobe,B321 Residential non-aggravated burglary,4
2016,Latrobe,B322 Non-residential non-aggravated burglary,4
2016,Manningham,B322 Non-residential non-aggravated burglary,1
2016,Mansfield,B321 Residential non-aggravated burglary,4
2016,Mansfield,B322 Non-residential non-aggravated burglary,1
2016,Maroondah,B322 Non-residential non-aggravated burglary,1
2016,Mitchell,B321 Residential non-aggravated burglary,4
2016,Mitchell,B322 Non-residential non-aggravated burglary,4
2016,Moira,B321 Residential non-aggravated burglary,16
2016,Moira,B322 Non-residential non-aggravated burglary,10
2016,Monash,B322 Non-residential non-aggravated burglary,1
2016,Murrindindi,B321 Residential non-aggravated burglary,8
2016,Murrindindi,B322 Non-residential non-aggravated burglary,4
2016,South Gippsland,B321 Residential non-aggravated burglary,4
2016,South Gippsland,B322 Non-residential non-aggravated burglary,4
2016,Strathbogie,B321 Residential non-aggravated burglary,7
2016,Strathbogie,B322 Non-residential non-aggravated burglary,7
2016,Towong,B321 Residential non-aggravated burglary,1
2016,Towong,B322 Non-residential non-aggravated burglary,1
2016,Wangaratta,B321 Residential non-aggravated burglary,1
2016,Wangaratta,B322 Non-residential non-aggravated burglary,1
2016,Wellington,B321 Residential non-aggravated burglary,12
2016,Wellington,B322 Non-residential non-aggravated burglary,8
2016,Wodonga,B322 Non-residential non-aggravated burglary,1
2016,Yarra Ranges,B321 Residential non-aggravated burglary,10
2016,Yarra Ranges,B322 Non-residential non-aggravated burglary,24
2016,Cardinia,B321 Residential non-aggravated burglary,7
2016,Cardinia,B322 Non-residential non-aggravated burglary,3
2016,Casey,B311 Residential aggravated burglary,1
2016,Casey,B321 Residential non-aggravated burglary,8
2016,Casey,B322 Non-residential non-aggravated burglary,4
2016,Frankston,B321 Residential non-aggravated burglary,1
2016,Frankston,B322 Non-residential non-aggravated burglary,1
2016,Greater Dandenong,B321 Residential non-aggravated burglary,1
2016,Mornington Peninsula,B311 Residential aggravated burglary,1
2016,Mornington Peninsula,B321 Residential non-aggravated burglary,16
2016,Mornington Peninsula,B322 Non-residential non-aggravated burglary,7
2016,Ararat,B321 Residential non-aggravated burglary,4
2016,Ballarat,B321 Residential non-aggravated burglary,4
2016,Ballarat,B322 Non-residential non-aggravated burglary,6
2016,Campaspe,B311 Residential aggravated burglary,2
2016,Campaspe,B321 Residential non-aggravated burglary,13
2016,Campaspe,B322 Non-residential non-aggravated burglary,11
2016,Central Goldfields,B321 Residential non-aggravated burglary,2
2016,Central Goldfields,B322 Non-residential non-aggravated burglary,4
2016,Colac-Otway,B321 Residential non-aggravated burglary,8
2016,Colac-Otway,B322 Non-residential non-aggravated burglary,5
2016,Corangamite,B321 Residential non-aggravated burglary,9
2016,Corangamite,B322 Non-residential non-aggravated burglary,9
2016,Gannawarra,B321 Residential non-aggravated burglary,2
2016,Glenelg,B321 Residential non-aggravated burglary,1
2016,Glenelg,B322 Non-residential non-aggravated burglary,1
2016,Golden Plains,B311 Residential aggravated burglary,1
2016,Golden Plains,B321 Residential non-aggravated burglary,9
2016,Golden Plains,B322 Non-residential non-aggravated burglary,15
2016,Greater Bendigo,B321 Residential non-aggravated burglary,8
2016,Greater Bendigo,B322 Non-residential non-aggravated burglary,4
2016,Greater Geelong,B321 Residential non-aggravated burglary,12
2016,Greater Geelong,B322 Non-residential non-aggravated burglary,4
2016,Hepburn,B321 Residential non-aggravated burglary,4
2016,Hepburn,B322 Non-residential non-aggravated burglary,3
2016,Horsham,B321 Residential non-aggravated burglary,1
2016,Horsham,B322 Non-residential non-aggravated burglary,1
2016,Loddon,B322 Non-residential non-aggravated burglary,4
2016,Macedon Ranges,B321 Residential non-aggravated burglary,9
2016,Macedon Ranges,B322 Non-residential non-aggravated burglary,2
2016,Mildura,B321 Residential non-aggravated burglary,6
2016,Mildura,B322 Non-residential non-aggravated burglary,14
2016,Moorabool,B311 Residential aggravated burglary,1
2016,Moorabool,B321 Residential non-aggravated burglary,6
2016,Moorabool,B322 Non-residential non-aggravated burglary,14
2016,Mount Alexander,B311 Residential aggravated burglary,1
2016,Mount Alexander,B321 Residential non-aggravated burglary,1
2016,Mount Alexander,B322 Non-residential non-aggravated burglary,3
2016,Moyne,B321 Residential non-aggravated burglary,3
2016,Moyne,B322 Non-residential non-aggravated burglary,2
2016,Northern Grampians,B321 Residential non-aggravated burglary,5
2016,Northern Grampians,B322 Non-residential non-aggravated burglary,4
2016,Pyrenees,B321 Residential non-aggravated burglary,6
2016,Pyrenees,B322 Non-residential non-aggravated burglary,20
2016,Southern Grampians,B321 Residential non-aggravated burglary,1
2016,Southern Grampians,B322 Non-residential non-aggravated burglary,1
2016,Surf Coast,B321 Residential non-aggravated burglary,3
2016,Swan Hill,B322 Non-residential non-aggravated burglary,9
2016,Warrnambool,B322 Non-residential non-aggravated burglary,3
2016,West Wimmera,B321 Residential non-aggravated burglary,1
2016,West Wimmera,B322 Non-residential non-aggravated burglary,1
2016,Yarriambiack,B321 Residential non-aggravated burglary,2
2016,Yarriambiack,B322 Non-residential non-aggravated burglary,2
2015,Brimbank,B322 Non-residential non-aggravated burglary,1
2015,Hume,B321 Residential non-aggravated burglary,2
2015,Hume,B322 Non-residential non-aggravated burglary,8
2015,Melbourne,B322 Non-residential non-aggravated burglary,1
2015,Melton,B321 Residential non-aggravated burglary,4
2015,Melton,B322 Non-residential non-aggravated burglary,6
2015,Nillumbik,B321 Residential non-aggravated burglary,1
2015,Nillumbik,B322 Non-residential non-aggravated burglary,1
2015,Whittlesea,B321 Residential non-aggravated burglary,1
2015,Whittlesea,B322 Non-residential non-aggravated burglary,1
2015,Wyndham,B321 Residential non-aggravated burglary,3
2015,Wyndham,B322 Non-residential non-aggravated burglary,6
2015,Yarra,B322 Non-residential non-aggravated burglary,1
2015,Alpine,B321 Residential non-aggravated burglary,1
2015,Bass Coast,B321 Residential non-aggravated burglary,5
2015,Bass Coast,B322 Non-residential non-aggravated burglary,2
2015,Baw Baw,B322 Non-residential non-aggravated burglary,3
2015,Benalla,B321 Residential non-aggravated burglary,1
2015,Benalla,B322 Non-residential non-aggravated burglary,1
2015,Boroondara,B322 Non-residential non-aggravated burglary,1
2015,East Gippsland,B321 Residential non-aggravated burglary,2
2015,East Gippsland,B322 Non-residential non-aggravated burglary,3
2015,Greater Shepparton,B312 Non-residential aggravated burglary,1
2015,Greater Shepparton,B321 Residential non-aggravated burglary,5
2015,Greater Shepparton,B322 Non-residential non-aggravated burglary,16
2015,Indigo,B321 Residential non-aggravated burglary,1
2015,Indigo,B322 Non-residential non-aggravated burglary,3
2015,Knox,B322 Non-residential non-aggravated burglary,2
2015,Latrobe,B321 Residential non-aggravated burglary,1
2015,Latrobe,B322 Non-residential non-aggravated burglary,4
2015,Mansfield,B321 Residential non-aggravated burglary,1
2015,Mitchell,B321 Residential non-aggravated burglary,2
2015,Mitchell,B322 Non-residential non-aggravated burglary,11
2015,Moira,B311 Residential aggravated burglary,2
2015,Moira,B321 Residential non-aggravated burglary,4
2015,Moira,B322 Non-residential non-aggravated burglary,5
2015,Monash,B322 Non-residential non-aggravated burglary,1
2015,Murrindindi,B321 Residential non-aggravated burglary,4
2015,Murrindindi,B322 Non-residential non-aggravated burglary,9
2015,South Gippsland,B321 Residential non-aggravated burglary,4
2015,South Gippsland,B322 Non-residential non-aggravated burglary,6
2015,Strathbogie,B321 Residential non-aggravated burglary,2
2015,Strathbogie,B322 Non-residential non-aggravated burglary,3
2015,Wangaratta,B322 Non-residential non-aggravated burglary,1
2015,Wellington,B321 Residential non-aggravated burglary,3
2015,Wellington,B322 Non-residential non-aggravated burglary,5
2015,Wodonga,B322 Non-residential non-aggravated burglary,1
2015,Yarra Ranges,B321 Residential non-aggravated burglary,4
2015,Yarra Ranges,B322 Non-residential non-aggravated burglary,10
2015,Cardinia,B321 Residential non-aggravated burglary,6
2015,Cardinia,B322 Non-residential non-aggravated burglary,7
2015,Casey,B321 Residential non-aggravated burglary,2
2015,Casey,B322 Non-residential non-aggravated burglary,9
2015,Frankston,B322 Non-residential non-aggravated burglary,1
2015,Greater Dandenong,B321 Residential non-aggravated burglary,1
2015,Greater Dandenong,B322 Non-residential non-aggravated burglary,2
2015,Kingston,B322 Non-residential non-aggravated burglary,1
2015,Mornington Peninsula,B311 Residential aggravated burglary,1
2015,Mornington Peninsula,B321 Residential non-aggravated burglary,3
2015,Mornington Peninsula,B322 Non-residential non-aggravated burglary,5
2015,Port Phillip,B322 Non-residential non-aggravated burglary,2
2015,Ararat,B322 Non-residential non-aggravated burglary,9
2015,Ballarat,B321 Residential non-aggravated burglary,3
2015,Ballarat,B322 Non-residential non-aggravated burglary,3
2015,Buloke,B322 Non-residential non-aggravated burglary,2
2015,Campaspe,B321 Residential non-aggravated burglary,11
2015,Campaspe,B322 Non-residential non-aggravated burglary,25
2015,Central Goldfields,B311 Residential aggravated burglary,1
2015,Central Goldfields,B321 Residential non-aggravated burglary,1
2015,Central Goldfields,B322 Non-residential non-aggravated burglary,1
2015,Colac-Otway,B321 Residential non-aggravated burglary,4
2015,Colac-Otway,B322 Non-residential non-aggravated burglary,8
2015,Corangamite,B321 Residential non-aggravated burglary,1
2015,Corangamite,B322 Non-residential non-aggravated burglary,6
2015,Gannawarra,B321 Residential non-aggravated burglary,1
2015,Gannawarra,B322 Non-residential non-aggravated burglary,4
2015,Glenelg,B321 Residential non-aggravated burglary,1
2015,Glenelg,B322 Non-residential non-aggravated burglary,5
2015,Golden Plains,B321 Residential non-aggravated burglary,4
2015,Golden Plains,B322 Non-residential non-aggravated burglary,25
2015,Greater Bendigo,B321 Residential non-aggravated burglary,2
2015,Greater Bendigo,B322 Non-residential non-aggravated burglary,8
2015,Greater Geelong,B321 Residential non-aggravated burglary,4
2015,Greater Geelong,B322 Non-residential non-aggravated burglary,12
2015,Hepburn,B321 Residential non-aggravated burglary,1
2015,Hepburn,B322 Non-residential non-aggravated burglary,6
2015,Horsham,B322 Non-residential non-aggravated burglary,4
2015,Loddon,B321 Residential non-aggravated burglary,1
2015,Loddon,B322 Non-residential non-aggravated burglary,4
2015,Macedon Ranges,B321 Residential non-aggravated burglary,5
2015,Macedon Ranges,B322 Non-residential non-aggravated burglary,6
2015,Mildura,B312 Non-residential aggravated burglary,1
2015,Mildura,B322 Non-residential non-aggravated burglary,11
2015,Moorabool,B321 Residential non-aggravated burglary,3
2015,Moorabool,B322 Non-residential non-aggravated burglary,9
2015,Mount Alexander,B321 Residential non-aggravated burglary,2
2015,Mount Alexander,B322 Non-residential non-aggravated burglary,4
2015,Moyne,B321 Residential non-aggravated burglary,2
2015,Moyne,B322 Non-residential non-aggravated burglary,5
2015,Northern Grampians,B321 Residential non-aggravated burglary,1
2015,Northern Grampians,B322 Non-residential non-aggravated burglary,3
2015,Pyrenees,B322 Non-residential non-aggravated burglary,19
2015,Southern Grampians,B322 Non-residential non-aggravated burglary,1
2015,Surf Coast,B321 Residential non-aggravated burglary,3
2015,Surf Coast,B322 Non-residential non-aggravated burglary,8
2015,Swan Hill,B321 Residential non-aggravated burglary,1
2015,Swan Hill,B322 Non-residential non-aggravated burglary,15
2015,Warrnambool,B322 Non-residential non-aggravated burglary,2
2015,West Wimmera,B321 Residential non-aggravated burglary,1
2015,Yarriambiack,B322 Non-residential non-aggravated burglary,2
2014,Brimbank,B322 Non-residential non-aggravated burglary,1
2014,Hume,B322 Non-residential non-aggravated burglary,8
2014,Melton,B322 Non-residential non-aggravated burglary,10
2014,Merri-bek,B322 Non-residential non-aggravated burglary,1
2014,Wyndham,B322 Non-residential non-aggravated burglary,2
2014,Bass Coast,B322 Non-residential non-aggravated burglary,4
2014,Baw Baw,B322 Non-residential non-aggravated burglary,8
2014,Benalla,B322 Non-residential non-aggravated burglary,3
2014,East Gippsland,B322 Non-residential non-aggravated burglary,3
2014,Greater Shepparton,B322 Non-residential non-aggravated burglary,17
2014,Indigo,B322 Non-residential non-aggravated burglary,1
2014,Latrobe,B322 Non-residential non-aggravated burglary,6
2014,Maroondah,B322 Non-residential non-aggravated burglary,2
2014,Mitchell,B322 Non-residential non-aggravated burglary,4
2014,Moira,B322 Non-residential non-aggravated burglary,5
2014,Murrindindi,B322 Non-residential non-aggravated burglary,4
2014,South Gippsland,B322 Non-residential non-aggravated burglary,5
2014,Strathbogie,B322 Non-residential non-aggravated burglary,8
2014,Towong,B322 Non-residential non-aggravated burglary,2
2014,Wangaratta,B322 Non-residential non-aggravated burglary,4
2014,Wellington,B322 Non-residential non-aggravated burglary,14
2014,Yarra Ranges,B322 Non-residential non-aggravated burglary,9
2014,Cardinia,B322 Non-residential non-aggravated burglary,5
2014,Casey,B322 Non-residential non-aggravated burglary,3
2014,Frankston,B322 Non-residential non-aggravated burglary,1
2014,Greater Dandenong,B322 Non-residential non-aggravated burglary,1
2014,Kingston,B322 Non-residential non-aggravated burglary,2
2014,Mornington Peninsula,B322 Non-residential non-aggravated burglary,2
2014,Ararat,B322 Non-residential non-aggravated burglary,2
2014,Ballarat,B322 Non-residential non-aggravated burglary,6
2014,Campaspe,B312 Non-residential aggravated burglary,1
2014,Campaspe,B322 Non-residential non-aggravated burglary,12
2014,Central Goldfields,B322 Non-residential non-aggravated burglary,2
2014,Colac-Otway,B322 Non-residential non-aggravated burglary,7
2014,Corangamite,B322 Non-residential non-aggravated burglary,6
2014,Glenelg,B322 Non-residential non-aggravated burglary,3
2014,Golden Plains,B322 Non-residential non-aggravated burglary,16
2014,Greater Bendigo,B322 Non-residential non-aggravated burglary,5
2014,Greater Geelong,B322 Non-residential non-aggravated burglary,12
2014,Hepburn,B322 Non-residential non-aggravated burglary,8
2014,Hindmarsh,B322 Non-residential non-aggravated burglary,1
2014,Horsham,B322 Non-residential non-aggravated burglary,5
2014,Loddon,B322 Non-residential non-aggravated burglary,9
2014,Macedon Ranges,B322 Non-residential non-aggravated burglary,5
2014,Mildura,B322 Non-residential non-aggravated burglary,10
2014,Moorabool,B322 Non-residential non-aggravated burglary,11
2014,Mount Alexander,B322 Non-residential non-aggravated burglary,3
2014,Moyne,B322 Non-residential non-aggravated burglary,1
2014,Northern Grampians,B322 Non-residential non-aggravated burglary,6
2014,Pyrenees,B322 Non-residential non-aggravated burglary,15
2014,Southern Grampians,B322 Non-residential non-aggravated burglary,1
2014,Surf Coast,B322 Non-residential non-aggravated burglary,6
2014,Swan Hill,B322 Non-residential non-aggravated burglary,13
2014,Warrnambool,B322 Non-residential non-aggravated burglary,1
2014,Yarriambiack,B322 Non-residential non-aggravated burglary,4
2013,Brimbank,B322 Non-residential non-aggravated burglary,3
2013,Hobsons Bay,B322 Non-residential non-aggravated burglary,1
2013,Hume,B322 Non-residential non-aggravated burglary,7
2013,Maribyrnong,B322 Non-residential non-aggravated burglary,1
2013,Melton,B322 Non-residential non-aggravated burglary,5
2013,Merri-bek,B322 Non-residential non-aggravated burglary,2
2013,Nillumbik,B322 Non-residential non-aggravated burglary,2
2013,Whittlesea,B322 Non-residential non-aggravated burglary,1
2013,Wyndham,B322 Non-residential non-aggravated burglary,4
2013,Bass Coast,B322 Non-residential non-aggravated burglary,3
2013,Baw Baw,B322 Non-residential non-aggravated burglary,7
2013,Benalla,B322 Non-residential non-aggravated burglary,4
2013,East Gippsland,B312 Non-residential aggravated burglary,2
2013,East Gippsland,B322 Non-residential non-aggravated burglary,5
2013,Greater Shepparton,B322 Non-residential non-aggravated burglary,10
2013,Knox,B322 Non-residential non-aggravated burglary,2
2013,Latrobe,B322 Non-residential non-aggravated burglary,3
2013,Mansfield,B322 Non-residential non-aggravated burglary,2
2013,Maroondah,B322 Non-residential non-aggravated burglary,1
2013,Mitchell,B322 Non-residential non-aggravated burglary,5
2013,Moira,B322 Non-residential non-aggravated burglary,9
2013,Murrindindi,B322 Non-residential non-aggravated burglary,4
2013,South Gippsland,B322 Non-residential non-aggravated burglary,10
2013,Strathbogie,B322 Non-residential non-aggravated burglary,10
2013,Towong,B322 Non-residential non-aggravated burglary,2
2013,Wangaratta,B322 Non-residential non-aggravated burglary,4
2013,Wellington,B322 Non-residential non-aggravated burglary,5
2013,Yarra Ranges,B322 Non-residential non-aggravated burglary,7
2013,Bayside,B322 Non-residential non-aggravated burglary,1
2013,Cardinia,B322 Non-residential non-aggravated burglary,12
2013,Casey,B322 Non-residential non-aggravated burglary,6
2013,Frankston,B322 Non-residential non-aggravated burglary,1
2013,Greater Dandenong,B322 Non-residential non-aggravated burglary,2
2013,Kingston,B322 Non-residential non-aggravated burglary,2
2013,Mornington Peninsula,B322 Non-residential non-aggravated burglary,8
2013,Ararat,B322 Non-residential non-aggravated burglary,5
2013,Ballarat,B322 Non-residential non-aggravated burglary,3
2013,Buloke,B322 Non-residential non-aggravated burglary,3
2013,Campaspe,B322 Non-residential non-aggravated burglary,26
2013,Central Goldfields,B322 Non-residential non-aggravated burglary,2
2013,Colac-Otway,B322 Non-residential non-aggravated burglary,7
2013,Corangamite,B322 Non-residential non-aggravated burglary,6
2013,Gannawarra,B322 Non-residential non-aggravated burglary,2
2013,Glenelg,B322 Non-residential non-aggravated burglary,5
2013,Golden Plains,B322 Non-residential non-aggravated burglary,7
2013,Greater Bendigo,B322 Non-residential non-aggravated burglary,9
2013,Greater Geelong,B312 Non-residential aggravated burglary,1
2013,Greater Geelong,B322 Non-residential non-aggravated burglary,13
2013,Hepburn,B322 Non-residential non-aggravated burglary,2
2013,Horsham,B322 Non-residential non-aggravated burglary,3
2013,Loddon,B322 Non-residential non-aggravated burglary,1
2013,Macedon Ranges,B322 Non-residential non-aggravated burglary,6
2013,Mildura,B322 Non-residential non-aggravated burglary,15
2013,Moorabool,B322 Non-residential non-aggravated burglary,8
2013,Moyne,B322 Non-residential non-aggravated burglary,2
2013,Northern Grampians,B322 Non-residential non-aggravated burglary,5
2013,Pyrenees,B322 Non-residential non-aggravated burglary,11
2013,Southern Grampians,B322 Non-residential non-aggravated burglary,5
2013,Surf Coast,B322 Non-residential non-aggravated burglary,5
2013,Swan Hill,B322 Non-residential non-aggravated burglary,9
2013,Warrnambool,B322 Non-residential non-aggravated burglary,1
2013,Yarriambiack,B322 Non-residential non-aggravated burglary,1
